internal_ticket_id,ticket_id,summary_redacted,created,updated,state,status,status_id,priority,assignee_pseudo,assignee_is_unassigned,board,board_type,ticket_type,sentiment,contact_pseudo,contact_party,client_pseudo,client_sector,merged_into_ticket_id,bundled_into_ticket_id,record_category,student_record_risk,summary_had_pii,pii_kinds_removed
284371380,679880,VPN Gateway High Latency and Packet Drops [Ref #679880],2026-08-01,2026-08-03,in_progress,In Progress,829417,Priority 2 - High,TECH_035,false,Ticket - Apex Precision Manufacturing,Monitoring Alert,Infrastructure,20/100 (Extremely Frustrated),CONTACT_00792,external_client,CLIENT_0034,manufacturing,,,network_infrastructure,false,false,
284371381,679881,Desk Phone Not Powering On and Frozen Screen Issue [Ref #679881],2026-08-03,2026-08-04,done,>Closed,829416,Priority 2 - High,TECH_089,false,Ticket - Oakridge Unified School District,Email,Hardware,20/100 (Extremely Frustrated),CONTACT_00674,external_client,CLIENT_0062,k12_education,,,general_support,true,true,phone_number
284371382,679882,SIP Trunk Line Disconnect during High Call Volume [Ref #679882],2026-08-09,2026-08-09,open,New,829418,Priority 2 - High,,true,Ticket - HealthFirst Medical Group,Portal,Phone,50/100 (Neutral),CONTACT_00384,external_client,CLIENT_0045,healthcare,,,voip_telephony,false,false,
284371383,679883,VPN Gateway High Latency and Packet Drops [Ref #679883],2026-08-13,2026-08-13,waiting_on_client,Waiting on Client,829419,Priority 3 - Medium,TECH_007,false,Ticket - Oakridge Unified School District,Phone,Infrastructure,50/100 (Neutral),CONTACT_00926,external_client,CLIENT_0062,k12_education,,,network_infrastructure,true,true,phone_number
284371384,679884,New Executive Assistant Laptop & MFA Setup [Ref #679884],2026-08-27,2026-08-28,in_progress,In Progress,829417,Priority 2 - High,,true,Ticket - Vanguard Legal Partners,Email,User Onboarding,20/100 (Extremely Frustrated),CONTACT_00777,external_client,CLIENT_0091,legal_services,,,identity_access,false,true,email
284371385,679885,Smart Board Touchscreen Calibration Offset Error [Ref #679885],2026-08-09,2026-08-12,in_progress,In Progress,829417,Priority 3 - Medium,TECH_035,false,Ticket - Oakridge Unified School District,Automated Scan,Hardware,50/100 (Neutral),CONTACT_00314,external_client,CLIENT_0062,k12_education,,,classroom_tech,true,true,email
284371386,679886,Student Chromebook Wi-Fi Auth Failure Batch [Ref #679886],2026-08-18,2026-08-19,open,New,829418,Priority 2 - High,TECH_044,false,Ticket - Apex Precision Manufacturing,Portal,Wireless Network,50/100 (Neutral),CONTACT_00755,external_client,CLIENT_0034,manufacturing,,,wireless_connectivity,false,false,
284371387,679887,Exchange Server Storage Space Low (< 5% Free) [Ref #679887],2026-08-27,2026-08-27,in_progress,In Progress,829417,Priority 3 - Medium,TECH_044,false,Ticket - Oakridge Unified School District,Monitoring Alert,Server Hardware,20/100 (Extremely Frustrated),CONTACT_00316,external_client,CLIENT_0062,k12_education,,,server_maintenance,true,false,
284371388,679888,Floor 2 Print Spooler Crash and Document Backlog [Ref #679888],2026-08-21,2026-08-24,in_progress,In Progress,829417,Priority 2 - High,TECH_007,false,Ticket - HealthFirst Medical Group,Monitoring Alert,Peripheral,35/100 (Frustrated),CONTACT_00862,external_client,CLIENT_0045,healthcare,,,print_services,false,true,
284371389,679889,Smart Board Touchscreen Calibration Offset Error [Ref #679889],2026-08-12,2026-08-13,open,New,829418,Priority 2 - High,TECH_089,false,Ticket - Vanguard Legal Partners,Email,Hardware,20/100 (Extremely Frustrated),CONTACT_00873,external_client,CLIENT_0091,legal_services,,,classroom_tech,false,true,ip_address
284371390,679890,Smart Board Touchscreen Calibration Offset Error [Ref #679890],2026-08-20,2026-08-20,waiting_on_client,Waiting on Client,829419,Priority 4 - Low,TECH_044,false,Ticket - Apex Precision Manufacturing,Phone,Hardware,65/100 (Satisfied),CONTACT_00641,external_client,CLIENT_0034,manufacturing,,,classroom_tech,false,true,email
284371391,679891,Floor 2 Print Spooler Crash and Document Backlog [Ref #679891],2026-08-18,2026-08-20,in_progress,In Progress,829417,Priority 3 - Medium,TECH_012,false,Ticket - Apex Precision Manufacturing,Portal,Peripheral,65/100 (Satisfied),CONTACT_00261,internal_system,CLIENT_0034,manufacturing,,,print_services,false,false,
284371392,679892,CAD Station Monitor Dual Output Failure [Ref #679892],2026-08-06,2026-08-06,waiting_on_client,Waiting on Client,829419,Priority 3 - Medium,,true,Ticket - Vanguard Legal Partners,Email,User Onboarding,85/100 (Delighted),CONTACT_00303,external_client,CLIENT_0091,legal_services,,,workstation_deploy,false,false,
284371393,679893,CAD Station Monitor Dual Output Failure [Ref #679893],2026-08-17,2026-08-17,done,>Closed,829416,Priority 3 - Medium,TECH_044,false,Ticket - Vanguard Legal Partners,Email,User Onboarding,20/100 (Extremely Frustrated),CONTACT_00471,external_client,CLIENT_0091,legal_services,,,workstation_deploy,false,false,
284371394,679894,VPN Gateway High Latency and Packet Drops [Ref #679894],2026-08-03,2026-08-06,in_progress,In Progress,829417,Priority 1 - Critical,TECH_089,false,Ticket - Vanguard Legal Partners,Portal,Infrastructure,35/100 (Frustrated),CONTACT_00775,internal_system,CLIENT_0091,legal_services,,,network_infrastructure,false,true,ip_address
284371395,679895,Domain Controller Kerberos Ticket Auth Timeout [Ref #679895],2026-08-20,2026-08-23,done,>Closed,829416,Priority 2 - High,TECH_089,false,Ticket - Vanguard Legal Partners,Portal,Identity,35/100 (Frustrated),CONTACT_00830,external_client,CLIENT_0091,legal_services,,,active_directory,false,false,
284371396,679896,Floor 2 Print Spooler Crash and Document Backlog [Ref #679896],2026-08-17,2026-08-20,in_progress,In Progress,829417,Priority 1 - Critical,TECH_035,false,Ticket - HealthFirst Medical Group,Automated Scan,Peripheral,20/100 (Extremely Frustrated),CONTACT_00446,external_client,CLIENT_0045,healthcare,,,print_services,false,true,ip_address
284371397,679897,Desk Phone Not Powering On and Frozen Screen Issue [Ref #679897],2026-08-03,2026-08-03,in_progress,In Progress,829417,Priority 2 - High,TECH_012,false,Ticket - Contoso Cyber Security,Monitoring Alert,Hardware,50/100 (Neutral),CONTACT_00172,external_client,CLIENT_0012,cybersecurity,,,general_support,false,false,
284371398,679898,Palo Alto Firewall Core Policy Sync Disruption [Ref #679898],2026-08-05,2026-08-08,open,New,829418,Priority 2 - High,TECH_044,false,Ticket - Contoso Cyber Security,Monitoring Alert,Network,35/100 (Frustrated),CONTACT_00196,external_client,CLIENT_0012,cybersecurity,,,firewall_security,false,true,"student_name,student_id"
284371399,679899,Nightly Offsite Backup Job Failed with Timeout [Ref #679899],2026-08-28,2026-08-28,open,New,829418,Priority 1 - Critical,TECH_012,false,Ticket - HealthFirst Medical Group,Email,Software,50/100 (Neutral),CONTACT_00919,external_client,CLIENT_0045,healthcare,,,cloud_backup,false,false,
284371400,679900,Nightly Offsite Backup Job Failed with Timeout [Ref #679900],2026-08-05,2026-08-08,open,New,829418,Priority 2 - High,TECH_007,false,Ticket - Vanguard Legal Partners,Phone,Software,35/100 (Frustrated),CONTACT_00995,external_client,CLIENT_0091,legal_services,,,cloud_backup,false,true,
284371401,679901,SQL Database CPU Utilization Spike to 99% [Ref #679901],2026-08-18,2026-08-18,in_progress,In Progress,829417,Priority 1 - Critical,TECH_035,false,Ticket - Oakridge Unified School District,Email,Software,65/100 (Satisfied),CONTACT_00597,internal_system,CLIENT_0062,k12_education,,,database_perf,false,true,email
284371402,679902,Desk Phone Not Powering On and Frozen Screen Issue [Ref #679902],2026-08-13,2026-08-15,in_progress,In Progress,829417,Priority 4 - Low,TECH_007,false,Ticket - HealthFirst Medical Group,Portal,Hardware,85/100 (Delighted),CONTACT_00777,internal_system,CLIENT_0045,healthcare,,,general_support,false,false,
284371403,679903,Desk Phone Not Powering On and Frozen Screen Issue [Ref #679903],2026-08-19,2026-08-19,done,>Closed,829416,Priority 3 - Medium,TECH_012,false,Ticket - Contoso Cyber Security,Email,Hardware,85/100 (Delighted),CONTACT_00588,external_client,CLIENT_0012,cybersecurity,,,general_support,false,true,
284371404,679904,Palo Alto Firewall Core Policy Sync Disruption [Ref #679904],2026-08-03,2026-08-04,in_progress,In Progress,829417,Priority 1 - Critical,TECH_089,false,Ticket - Oakridge Unified School District,Automated Scan,Network,35/100 (Frustrated),CONTACT_00513,external_client,CLIENT_0062,k12_education,,,firewall_security,true,true,
284371405,679905,SIP Trunk Line Disconnect during High Call Volume [Ref #679905],2026-08-03,2026-08-06,done,>Closed,829416,Priority 3 - Medium,TECH_007,false,Ticket - Oakridge Unified School District,Monitoring Alert,Phone,50/100 (Neutral),CONTACT_00344,external_client,CLIENT_0062,k12_education,,,voip_telephony,false,true,"student_name,student_id"
284371406,679906,Floor 2 Print Spooler Crash and Document Backlog [Ref #679906],2026-08-25,2026-08-25,done,>Closed,829416,Priority 1 - Critical,TECH_044,false,Ticket - Acme Financial Services,Portal,Peripheral,85/100 (Delighted),CONTACT_00202,external_client,CLIENT_0088,financial_services,,,print_services,false,true,
284371407,679907,Floor 2 Print Spooler Crash and Document Backlog [Ref #679907],2026-08-12,2026-08-12,open,New,829418,Priority 2 - High,TECH_007,false,Ticket - Contoso Cyber Security,Automated Scan,Peripheral,35/100 (Frustrated),CONTACT_00548,external_client,CLIENT_0012,cybersecurity,,,print_services,false,true,
284371408,679908,SQL Database CPU Utilization Spike to 99% [Ref #679908],2026-08-27,2026-08-28,open,New,829418,Priority 1 - Critical,TECH_035,false,Ticket - Oakridge Unified School District,Email,Software,20/100 (Extremely Frustrated),CONTACT_00209,external_client,CLIENT_0062,k12_education,,,database_perf,false,false,
284371409,679909,Suspicious Phishing Email with PDF Malware [Ref #679909],2026-08-07,2026-08-09,done,>Closed,829416,Priority 4 - Low,TECH_007,false,Ticket - Apex Precision Manufacturing,Phone,Security Incident,20/100 (Extremely Frustrated),CONTACT_00749,internal_system,CLIENT_0034,manufacturing,,,threat_response,false,true,email
284371410,679910,CAD Station Monitor Dual Output Failure [Ref #679910],2026-08-05,2026-08-07,open,New,829418,Priority 2 - High,,true,Ticket - Acme Financial Services,Phone,User Onboarding,85/100 (Delighted),CONTACT_00822,internal_system,CLIENT_0088,financial_services,,,workstation_deploy,false,true,email
284371411,679911,Floor 2 Print Spooler Crash and Document Backlog [Ref #679911],2026-08-05,2026-08-05,waiting_on_client,Waiting on Client,829419,Priority 3 - Medium,TECH_089,false,Ticket - Apex Precision Manufacturing,Portal,Peripheral,35/100 (Frustrated),CONTACT_00540,external_client,CLIENT_0034,manufacturing,,,print_services,false,false,
284371412,679912,Floor 2 Print Spooler Crash and Document Backlog [Ref #679912],2026-08-12,2026-08-13,in_progress,In Progress,829417,Priority 2 - High,,true,Ticket - Oakridge Unified School District,Email,Peripheral,50/100 (Neutral),CONTACT_00898,external_client,CLIENT_0062,k12_education,,,print_services,true,true,
284371413,679913,Domain Controller Kerberos Ticket Auth Timeout [Ref #679913],2026-08-06,2026-08-07,done,>Closed,829416,Priority 4 - Low,TECH_012,false,Ticket - Contoso Cyber Security,Portal,Identity,50/100 (Neutral),CONTACT_00901,internal_system,CLIENT_0012,cybersecurity,,,active_directory,false,true,ip_address
284371414,679914,CAD Station Monitor Dual Output Failure [Ref #679914],2026-08-23,2026-08-23,in_progress,In Progress,829417,Priority 4 - Low,TECH_012,false,Ticket - Contoso Cyber Security,Email,User Onboarding,35/100 (Frustrated),CONTACT_00304,internal_system,CLIENT_0012,cybersecurity,,,workstation_deploy,false,false,
